Insertion Sort,,,,,,,,,,,,,,,,,,,,,,,,,,,,,,,,,,,,,,,,,,,,,,,,,,,,,,,,,,,,,,,,,,,,,,,,,,,,,,,,,,,,,,,,,,,,,,,,,,,,,,
,Mean,Standard Deviation,Size: 10,,,,,,,,,,,,,,,,,,,,,,,,,,,,,,,,,,,,,,,,,,,,,,,,,,,,,,,,,,,,,,,,,,,,,,,,,,,,,,,,,,,,,,,,,,,,,,,,,,,
,,,4908,377,377,378,377,378,378,378,378,0,378,377,377,378,377,0,378,0,378,378,0,377,378,377,0,378,0,0,378,0,378,377,377,378,377,378,0,0,0,378,378,377,0,0,377,0,377,0,378,377,0,377,0,378,0,377,378,377,0,378,377,378,377,0,378,378,0,378,377,377,378,0,0,378,378,0,378,378,378,377,0,377,378,0,0,377,0,377,0,0,377,377,377,377,378,0,377,378,377,377
,,,755,378,377,377,0,0,378,378,377,0,0,378,0,0,756,0,0,0,378,377,0,0,378,377,0,0,377,0,377,377,378,378,378,377,378,0,0,377,0,378,377,378,0,378,0,0,0,378,0,378,378,0,377,378,377,378,0,0,378,0,0,378,0,378,378,377,377,755,0,0,0,0,0,377,377,378,377,0,377,0,377,0,378,378,0,377,378,0,377,378,0,0,377,378,377,378,377,0,377,377
,,,755,755,377,756,378,377,378,378,378,755,377,378,755,377,755,377,378,377,377,377,378,378,377,0,755,377,378,378,377,378,378,378,0,0,378,377,378,0,377,378,377,377,377,377,0,377,377,378,377,378,378,0,378,378,378,377,377,378,378,377,377,378,378,0,377,378,378,378,377,0,378,378,377,377,377,378,378,377,378,377,378,378,377,0,377,0,0,377,377,378,377,378,378,377,378,755,378,378,378,377
,,,755,378,755,755,377,0,377,378,378,378,378,378,378,377,378,0,377,0,377,378,377,377,377,378,0,0,377,377,378,378,377,378,378,0,0,377,378,378,378,377,378,378,378,755,377,377,378,377,377,377,378,378,0,377,378,378,377,377,377,755,377,378,377,1888,378,378,378,378,378,377,378,755,378,378,378,378,378,377,378,0,378,378,378,377,378,378,378,378,378,0,0,378,377,378,377,0,378,378,378,0
,,,Size: 1K,,,,,,,,,,,,,,,,,,,,,,,,,,,,,,,,,,,,,,,,,,,,,,,,,,,,,,,,,,,,,,,,,,,,,,,,,,,,,,,,,,,,,,,,,,,,,,,,,,,
,,,7174,6041,5286,5663,6419,6419,5286,6797,6418,6041,6797,6797,6797,6419,7174,6419,6419,6419,6419,6419,6419,6796,6419,6419,6419,6419,5664,6419,6419,6042,7174,6041,6796,38136,6419,6042,6042,6419,6419,6041,6796,6041,6419,6797,6419,6419,6041,6419,6042,6041,6419,6041,6419,6419,6419,6419,6418,6041,6419,6419,6419,6419,6796,6418,6419,6419,6419,6042,6041,6041,6419,6419,6418,6419,6419,6419,6419,6041,4909,6419,6419,6041,6419,6041,6419,6419,6041,6041,6797,6419,6041,6796,6797,6041,6041,6419,6419,6042,6418,6419
,,,157074,188413,193321,191434,306219,196720,304708,193699,198230,194832,204272,216732,199740,206537,194455,211823,194832,190678,191056,213711,193322,193322,194832,191434,206915,191434,194454,193699,203894,265440,143859,156697,152921,152543,144236,107233,107988,178596,158961,161605,165003,161228,168779,173687,167268,168401,160095,182749,183882,160472,188790,189546,198230,193699,253734,193700,470466,198608,189546,189168,189546,189923,192944,194832,175953,188035,158962,172555,194454,186903,191056,189924,190301,189545,188413,190301,246183,226926,194832,151787,146502,153676,116672,118560,204271,380224,491234,185015,177463,181617,200118,181616,187658,185015,181239,189169,178596,178596,180484,180862
,,,1065912,1068178,1012296,908838,936779,1168237,984355,613570,665298,1142183,1063269,1047788,1041747,1077240,701168,601487,1210903,749122,838986,713629,1111599,1112732,1088567,1057227,1074974,1062514,1082526,1102160,1134632,1107446,1027022,937157,606018,599977,599222,603752,608284,586006,614702,596578,601110,614325,601864,622254,612814,596201,619988,594313,646042,596956,575811,589404,596956,621121,607528,1284154,1121039,1095363,1110844,1106313,1075729,1080637,1055718,1055718,1107446,1102160,1101782,1167104,925830,623386,608283,625274,593935,597334,586383,593936,603752,595446,610549,607151,627918,646042,584119,582986,797074,1067423,1057228,1039859,637358,613192,615080,588650,720425,606773,615835,614702,603752,587139,602242,613570
,,,1815789,1910939,1346078,1204485,1213924,1231293,1212036,1196177,1196555,1195423,1204107,1199576,1196178,1225629,1328331,1197688,1425747,1196933,1195423,1196177,1245641,1205239,1215812,1443871,1259611,1198443,1202596,1283399,1205995,1201842,1199199,1199198,1201464,1210148,1199576,1312850,1613783,1201086,1199198,1198066,1382326,1202597,1199198,1237711,1199576,1199576,1200709,1199199,1224874,1200331,1199198,1220343,1206373,1207127,1200331,1198820,1205995,1208261,1203352,1204862,1373641,1216190,1199954,1295859,1530337,1751222,1628131,1196933,1197688,1196555,1196178,1898479,3117689,1986456,1337393,1223741,1882620,1880355,1635683,1487293,1196178,1510703,1196933,1196178,1195800,1195422,1315871,1207127,1524296,1306809,1199198,1389877,1195045,1196556,1196178,1198820,1206373,1235447,1195423,1195045
,,,Size: 10K,,,,,,,,,,,,,,,,,,,,,,,,,,,,,,,,,,,,,,,,,,,,,,,,,,,,,,,,,,,,,,,,,,,,,,,,,,,,,,,,,,,,,,,,,,,,,,,,,,,
,,,50596,50218,63056,50218,62678,54372,87976,61546,49463,49840,49841,63056,49841,49463,49841,49840,49841,49464,51729,49841,50218,49841,50218,49841,50596,51351,50596,50595,50218,50218,50973,50974,54371,50218,50596,50974,49463,50218,50219,49840,50218,83068,50596,50218,50973,50218,49841,50596,50596,58148,51729,50596,50974,49841,50596,51351,49841,51728,124224,67587,66455,66832,67587,49463,50218,49841,49840,49840,49463,49840,49841,49464,49840,49840,49463,49841,49464,49841,49841,49841,49841,49841,49841,56638,49841,49840,49841,49840,49463,49841,49840,49841,55882,49841,49841,49464,49841,49840,49841,49840
,,,12547405,9875640,9950778,9877528,9798613,9675899,9685716,9697799,9693646,9714035,9775203,11081634,9881304,11722768,11140537,11109575,10403876,9996089,9774448,12521352,16551655,16169543,12602909,15347548,11210768,12704857,10445410,12842674,13568008,14637318,12817376,10006283,9747262,11687652,9920194,9786154,9772183,10127486,9787664,9802012,9761233,9736312,9727250,9719699,9783888,9722719,10455604,12726379,11944030,14546321,9932277,9779734,9864690,9817492,9719699,9901693,9754814,11854544,11223605,9757835,9898295,9896407,10152029,9735179,9729138,10569256,11264384,11544927,11271936,9787663,10122578,10054614,14790616,10278897,10012702,9926614,9704595,9832596,9697799,9721587,9851097,9698932,9780489,9688737,10050083,11853411,10701788,9918307,9895274,10166755,10353658,13378084,9797481,10021764,14856693,13110379,9732537,10554909,15443077,14145329
,,,92715852,72082920,69730210,61321851,61096814,61085108,63864107,61458914,60732447,63309063,61612967,61774572,72388384,61042442,62043410,68914635,61356589,60224601,64105759,62174053,60264246,61735303,62294124,60883102,59668423,65976675,60656553,60671280,64867340,60660329,61407563,63697971,61769663,61081710,61727374,71199002,60837792,64132567,65710480,59815302,60123786,64356473,61317321,58942712,63195788,60801922,59911586,61378489,63090066,60685627,60535727,63862219,61086996,60888011,64390455,60987692,61545003,61760979,66860970,60559515,59930465,64842420,61411339,60001828,62656224,61198760,60571976,63030408,61842159,60162678,62533133,63342289,60220824,60899338,62918644,61132306,59694476,64393098,63048532,77879171,83321250,61083598,59814548,67005962,60861203,59964447,67259696,80143904,70012264,64478809,59744317,62540307,64613984,61194985,61516306,64885087,60569710,60022217,61171197,61248224
,,,173337774,124499138,130843638,123717545,121286299,129051636,121029921,129167177,125143292,122979374,124180837,137991630,143488459,129277808,121670676,131929939,130048074,121382960,129306127,123793061,121029543,126371941,121549473,131733597,130042788,121536635,124766089,122862701,122261969,124487056,121739019,124498005,123739823,122252152,135667994,127745583,122414512,123637498,122365804,124368495,122925379,121894582,124551245,121312352,124605616,130393561,121521154,126340602,128557005,138392622,123655244,120739561,136186413,154543285,121280635,126146148,138466627,121025390,126162006,124020742,145867599,127789005,121273084,125407976,128471294,123245190,125472921,128829996,124600331,125131210,120506593,131993750,130131519,123999599,124422867,123262937,122020695,125897322,119864327,126584520,123110772,122387703,123791928,119703100,125034171,124851044,120717283,124428530,120948364,124486300,131826104,120509992,126920190,121547208,123121344,128327436,121599692,123932011,120824894,122787185
,,,Size: 100K,,,,,,,,,,,,,,,,,,,,,,,,,,,,,,,,,,,,,,,,,,,,,,,,,,,,,,,,,,,,,,,,,,,,,,,,,,,,,,,,,,,,,,,,,,,,,,,,,,,
,,,560708,430820,431198,431953,381357,381357,379469,379847,380224,387776,383622,368897,450832,373428,382113,384000,388908,378337,382112,417227,371163,369274,369274,380224,375316,369275,369652,369652,370408,369274,369275,369275,370784,451587,370030,440260,369652,368897,373428,372673,368897,369652,373051,373050,369274,369274,369275,373428,369275,413451,369275,377959,376448,369275,406277,369274,372672,369275,369274,369274,373050,373806,371540,369275,369275,373428,369275,369274,368897,373050,369274,369275,369274,373051,388909,369274,369275,416094,373428,369275,369275,369653,373805,373051,369652,369275,369274,373050,373428,368897,369652,373051,387776,369274,368520,370785,380979,369274,368897,369275
,,,262259311,261451664,255629360,268009120,274798409,275933796,263471347,261436561,281891275,265177260,268484495,262200030,259105374,271298985,262962745,260143723,264111725,264846120,258266388,266927349,261597411,259354956,255601797,286096021,275376864,294140391,273335282,269292519,315117677,278636524,277447898,275310032,263103960,266757060,280871805,286436977,259683451,278689007,261419948,258284512,288302984,259414990,260987239,266135183,264970345,270888177,261542284,274040226,261161304,276011578,267086688,259587168,257300535,259579994,258278848,256083591,267798052,256296546,252703483,254847390,265582782,265658676,260665540,257570506,256119460,257545963,258938483,275208463,257223508,254710704,260850933,259427829,268246618,262121494,257084559,255932936,252534703,267904529,259488997,253161866,254666528,260559440,251842975,263384881,262749789,263600479,261404089,262798875,265910900,258177657,257622990,257006777,257802341,255179283,264437578,266845036,254739023,253221523,254268179,273015470
,,,6267939644,6270708826,6214181502,6179454592,6143982335,6134571875,6170206492,6132239556,6232742645,6162480045,6154623333,6144888531,6141044375,6133491616,6150687802,6176760171,6150052333,6185693367,6152170187,6156103452,6174640429,6164986808,6129678422,6142800128,6156393433,6141665496,6224028446,6151547555,6147107198,6165808046,6196473693,6115402826,6188209570,6166208283,6131846871,6149151423,6199497364,6180801047,6143392931,6169562338,6390037743,6121734110,6168807553,6166863765,6134136902,6143169780,6153726199,6178865942,6167515092,6155786282,6164217674,6131909928,6133714011,6173645125,6126301334,6155596737,6190412757,6160330474,6193159283,6145359374,6141895443,6175341976,6143560577,6182237744,6189616815,6154735852,6204266971,6179092869,6158648727,6164654158,6166037616,6138039205,6176808879,6185512884,6144730702,6130335413,6169107352,6167079363,6231910456,6129563637,6162895007,6150476734,6183390499,6128563046,6170595400,6146376578,6137789246,6165323232,6175195474,6149279424,6169119057,6150458988,6153887427,6188853346,6149858633,6652296299,6127834692,6123756059,6090348795,6096794486
,,,12701356951,12364086956,12349642581,12387437340,12349378652,13420274834,12416034218,12388172114,12379819259,12342940513,12408155606,12370524340,12343433634,12384881493,12381231791,12353227338,12352563551,12363400136,12381436063,12371323302,12374432684,13078541071,13437873900,12472414285,12450093565,12467934661,12428190449,12426722413,12446648512,12446267910,12479222832,13058621768,12721897376,12780500265,17031599404,32071748383,32277398057,32172857490,32146014100,27348296127,18151725773,17160004999,17908857529,17958476248,17904918978,17736001172,17913019986,17443442092,18453232021,16558389933,17265812728,17531382295,17320093822,19844231841,23817662953,27728271327,22025251507,18968983581,18255313702,18027185101,19967409067,17618127453,16597920055,17577955820,17405446837,18337986645,17846676302,18248771351,17947219793,16759780489,16902387673,17847962344,17383939805,16575888563,17339814894,18279258401,17683813391,17566179813,18136116561,17161276693,17631223107,18272296933,16811550666,17611927946,17751841842,18366681694,17086458196,17421867849,16841619355,16556520150,18012107900,18142264717,18059013697,17132302234,18075203629,17852259220,17548561113,17010556041,17217903321,16812284306
,,,Size: 1M,,,,,,,,,,,,,,,,,,,,,,,,,,,,,,,,,,,,,,,,,,,,,,,,,,,,,,,,,,,,,,,,,,,,,,,,,,,,,,,,,,,,,,,,,,,,,,,,,,,
,,,5744522,5537986,4980298,5487012,5782280,5903862,5679956,5633136,6494399,8894306,9236394,9457658,9288879,8134612,5168711,5454162,4832286,5460958,5156628,4980675,4974257,5154363,4922905,4260250,3956298,4325950,3954032,4073725,3955165,4395424,4191531,3975177,3935530,3999719,3922692,4706929,3992168,5323142,4475849,5625207,5637667,6879154,8031155,7665279,7636960,8031911,9655510,9272265,9302094,7175555,7280901,9210341,7955261,8526919,4227023,4223624,4170763,4487932,4183979,4456593,4708061,4507189,3954787,3713512,3951766,4109595,4162457,3857371,3952521,3710869,3897394,4112616,4123566,6221030,5008238,5173620,4978032,4982564,7464783,4343318,5396770,5397525,5663720,5440569,5438304,5056192,7183485,8848618,10415204,12103748,12598001,9544878,9590188,9272643,9231108,9230353,9306625,9302472,8010388,6920310
,,,9021650514,8806927182,8512624054,8617559949,9070485751,9358183094,9251986455,9212003235,9275786540,7956533214,8966120004,8962027778,8725434558,8951483819,8446810117,8548049112,8632137232,8413582205,8431112174,8635770318,8620964977,8876135198,9180181436,9081591173,8902963107,8824875889,9245843585,8750737416,9204599998,8899418373,8709462113,7924070659,8318926340,10031964148,9618844103,8919904805,8241777412,9071266967,9160694840,8667132602,8661521743,9073119003,8721652327,8512738839,9217497043,8346134096,9403260641,8646099057,8871430912,8233796097,8722312716,8744551124,9048260936,8773819341,8495760895,8805505212,8808134688,8748567456,8990476644,8521675812,8291314194,8469783298,9689610397,9296954127,8902652358,8778709774,9209253688,8456734087,8409773541,8460365665,8366973564,8280200088,8338315519,9057705755,8024572238,8431993448,9104907576,9078415714,8469611122,8922764228,8453868245,8812226159,8369916056,8463377254,8821752536,8901259838,9302429434,8070727781,8091782093,8917141287,9149449335,8790814654,8419607647,8992091181,9016424788,8382870116,8234825006,8821685704,9907858072,8204726865
,,,6.29E+11,6.30E+11,6.27E+11,,,,,,,,,,,,,,,,,,,,,,,,,,,,,,,,,,,,,,,,,,,,,,,,,,,,,,,,,,,,,,,,,,,,,,,,,,,,,,,,,,,,,,,,,,,,,,,,,
,,,1.28E+12,,,,,,,,,,,,,,,,,,,,,,,,,,,,,,,,,,,,,,,,,,,,,,,,,,,,,,,,,,,,,,,,,,,,,,,,,,,,,,,,,,,,,,,,,,,,,,,,,,,
Selection Sort,,,,,,,,,,,,,,,,,,,,,,,,,,,,,,,,,,,,,,,,,,,,,,,,,,,,,,,,,,,,,,,,,,,,,,,,,,,,,,,,,,,,,,,,,,,,,,,,,,,,,,
,,,Size: 10,,,,,,,,,,,,,,,,,,,,,,,,,,,,,,,,,,,,,,,,,,,,,,,,,,,,,,,,,,,,,,,,,,,,,,,,,,,,,,,,,,,,,,,,,,,,,,,,,,,
,,,15480,1133,755,378,755,378,377,378,755,378,378,377,377,378,378,378,378,755,377,377,378,378,377,378,377,378,755,378,378,377,378,378,378,378,377,377,377,377,378,377,378,377,377,377,377,378,377,378,378,377,378,378,377,378,377,378,378,378,378,378,378,377,378,378,377,755,377,377,378,378,377,378,378,377,378,378,377,377,755,377,377,377,378,378,377,378,377,755,378,378,377,378,378,378,377,378,755,378,378,378
,,,1888,756,755,377,755,377,755,755,378,377,378,377,378,378,755,755,377,377,755,378,756,755,755,756,756,378,756,378,756,755,756,755,755,377,378,755,378,755,755,755,755,755,755,755,755,378,756,755,755,377,755,755,377,378,755,755,755,755,755,755,755,378,755,377,378,755,755,378,377,755,755,755,378,755,755,755,377,756,755,755,755,756,756,378,378,755,755,755,755,755,755,1133,755,755,756,378,755,755,755,377
,,,1510,1133,1132,1133,755,755,1132,1133,1133,1133,755,1133,755,1132,1132,755,755,755,1132,755,1133,755,755,1132,756,1133,1133,755,1133,1133,1132,1133,755,1133,755,756,1132,755,1133,1133,756,1133,1132,1133,1132,755,1133,755,1133,1133,1133,1133,1133,1132,1133,1133,756,1132,755,1133,1510,1133,1133,1133,1133,1132,1133,1133,1133,1132,1133,755,1132,1133,1888,1133,1133,755,756,1510,755,1133,1133,755,755,1132,1133,1133,1133,1133,1133,755,1511,1132,1133,1133,1133,1132,755,1132
,,,1133,756,756,755,755,755,755,377,378,378,755,377,377,378,755,756,755,755,378,755,377,755,755,378,756,755,755,755,755,755,755,755,755,755,756,378,756,378,755,755,756,755,755,755,1133,377,755,378,378,755,378,755,756,377,377,755,755,755,755,755,755,755,755,378,755,378,377,377,378,378,377,755,755,756,755,756,377,755,755,755,755,755,755,756,755,378,378,755,755,377,377,755,755,756,755,756,1133,755,377,755
,,,Size: 1K,,,,,,,,,,,,,,,,,,,,,,,,,,,,,,,,,,,,,,,,,,,,,,,,,,,,,,,,,,,,,,,,,,,,,,,,,,,,,,,,,,,,,,,,,,,,,,,,,,,
,,,2419541,2034785,2154857,2059329,2029500,1952850,1865629,1727057,1457464,1735364,1879600,1449535,1226762,1176921,1182585,1140674,1103293,1096118,1131233,1135010,1135010,1178054,1125947,1080260,1058738,1417818,1909429,1881110,1819565,1805971,1780673,1738762,1764437,1703269,1751600,1520898,1805971,1188626,1091965,1068555,1067800,1068932,1052320,1037593,1037216,1073464,1037594,1037594,1099139,1038348,1037594,1037971,1151623,1037971,1037593,1037216,1166349,1037971,1037594,1037593,1037216,1037971,1037971,1037971,1098762,1038349,1037593,1639080,1503907,1044012,1038349,1037216,1037594,1037971,1037593,1037594,1037594,1037593,1037594,1037216,1037971,1037594,1040236,1037971,1431788,1558656,1556390,1562809,1556013,1552992,1764815,1551860,1761040,1665133,1681369,1726679,1802196,1680992,1687411,3377843
,,,2387824,2340627,2324768,2830727,1681370,2158633,1994762,1976261,1978904,1992874,1972107,1974750,1883375,2008733,1775010,1530715,1280001,1269429,1238467,1237711,1238089,1537134,1357405,1243753,1237712,1237711,1233936,1199576,1199199,1176921,1162951,1210149,1211659,1866007,1351364,1129346,1128590,1128968,1128969,1129346,1128590,1171635,1128591,1129346,1128968,1129346,1128590,1116885,1375529,1766703,1750090,1737630,1739139,1744426,1703647,1724037,1694585,1639458,1645122,1634927,1631529,1626243,1635304,1642101,1636815,1640591,1638325,1633417,1630396,1634927,1636060,1614538,1653429,1674196,1640213,1651163,1642478,1634550,1654561,1672307,1636060,1654184,1639458,1736874,1659093,1685146,1680993,1682503,1704402,1673441,1650030,1616425,1597546,1619446,1605854,1614538,1611894,1613027,1651540,1733854
,,,2120119,2206208,1418573,1314738,1616426,1786337,2004580,2064993,2128803,2077075,1913582,2047624,1781051,1765948,1845240,1462750,2179777,4391271,1890172,1796532,1870538,2140131,2390090,2917949,2270774,2104261,2052533,2011376,1740272,2009488,2022703,1526939,1242997,1238845,1238844,1193912,1208637,1199198,1196933,1252437,1202596,1205240,1693074,1710066,1623977,1668532,1732343,1648520,1628509,1588485,1544686,1755754,2055931,1856945,1855812,1852792,1787848,1433676,1250172,1164461,1806726,1494845,1544308,1542042,1535623,1551482,1611139,1586219,1591505,1501264,1466148,1331729,1298502,1250549,1261877,1244508,1241110,1245264,1244131,1241487,1413287,1956626,1962667,1887529,1907919,1896592,1875824,1869405,1901122,1536378,1398184,1250171,1404225,1359670,1189003,1376662,1566585,1683257,1522408,1267163
,,,2868486,3168285,2026101,1864874,1864875,1853924,1749335,1364579,1284154,1785205,1714220,1666267,1534490,1363824,1399317,1616426,1632284,1628130,1557900,1684013,1785583,2839411,2190349,1694207,1685901,1685523,1669665,1681369,1938880,4549477,1849016,2093311,1900367,10916254,1921512,1882620,1843352,1827493,1724414,2231128,1743293,1689676,1664756,1687411,1706290,1681370,1682880,1676461,2408214,1815411,2071033,2176001,1830515,1512969,1576402,1581311,1533735,1722904,1375906,1350986,1369488,1691942,1885264,1471057,1626243,1746691,1964933,2013263,1916225,1519765,1344190,1331352,1350986,1332863,1771234,1407245,1401582,1429901,1454443,1415552,1413665,1397806,1418196,1383458,1359670,2343270,1842220,2131069,2305890,1523918,2124651,1736496,1899612,1378549,1514857,1873936,1911316,1339281,1341169,1362691
,,,Size: 10K,,,,,,,,,,,,,,,,,,,,,,,,,,,,,,,,,,,,,,,,,,,,,,,,,,,,,,,,,,,,,,,,,,,,,,,,,,,,,,,,,,,,,,,,,,,,,,,,,,,
,,,144417687,147294101,164945651,211984356,153995037,143270594,146060165,143581344,146026938,159077659,170855176,171020557,173084039,152596098,214391060,159805258,142157485,143459763,173609255,141488033,149103849,170877454,154915581,156471593,153969739,144914961,223312174,179045671,144350099,135603050,198246814,241287688,170014303,175540205,150409903,132535580,140228044,212571872,160466781,139410958,208016354,164952448,174101998,141388352,129382775,126965122,162873107,132068134,133595073,118097247,129071271,258928289,189983069,182913614,174274553,146930490,161149448,180970203,155606554,177456809,154826848,144660094,144836801,130647295,151236050,144014430,123188554,150121430,129573454,123808164,141214287,147571624,173259237,308579479,323268148,363286861,361446152,294042219,294617276,291855647,293162833,317753950,305947359,311173463,282477658,321917539,315859624,309259502,321267344,345346461,366554450,309625379,256987520,290207504,335485170,303073965,306682132,216128311,316697100,337295294
,,,326181188,299863013,326754733,287972222,326133613,235915838,286229306,291555092,285282710,317996357,315073878,263423394,382070777,358510079,305229200,321538448,255969561,308299691,312046431,313532213,278655402,324954049,265682085,297071554,373927102,256372063,283722544,314885087,356146420,356319730,376365901,371430913,315326479,352947551,391855797,353908873,348116775,359759496,269371433,326377908,325031452,306458981,328635466,291017038,314673264,318662033,342916348,366094178,344259027,263926332,341354671,257537657,289146122,326055076,293860603,318263307,252403683,274885631,323758626,320311308,270869298,314933418,324539842,343415887,354974785,326475702,290479740,339995378,375907517,318904440,348366734,374038111,322386495,338646280,330454653,318051484,345978533,333715823,322967971,349901225,342099262,328954145,335021122,341805503,336242975,292355186,304332821,307184315,284385199,310313332,313072319,348437342,325831170,309876848,331480542,330205450,299015343,327649224,324458284,332904401
,,,325743193,299868677,330522618,230560225,348963690,284701235,331759574,319729456,284857931,301400525,273205772,329180316,300081633,312453085,285579866,299590022,335394172,317026351,318477773,346109553,360928865,209883871,329583951,212775011,299438989,303511205,313808980,347443925,219881469,270100165,280878224,317417525,335248804,303763807,318260664,327812717,331952518,301955947,306229412,297643968,281805564,277306304,316200203,327904847,288438912,320679827,326903501,298474270,305567512,315073500,325509092,337091778,243724976,250303198,319311473,309817568,304769306,315346869,312562207,304063228,328754783,313109699,324547016,304575984,305458014,279761338,357989394,296031318,338054233,295679412,337535436,312922797,341433208,313551470,328886935,297527673,315583235,305755548,310095845,322831287,320896181,306734616,298090647,333340130,309742051,310071303,314455777,312818962,358739648,349001826,326157022,327924481,310620683,245333850,319797798,318197230,308725225,327100221,342721138,316999543
,,,315377076,349791726,273971884,281054176,347413719,273819341,287373378,313948308,326277094,281831617,294527034,348457731,378259849,300124300,357357701,323258331,323802047,340851733,314739718,330197143,243294156,291117097,299175060,282220148,321712513,314359493,313784437,265016409,308234747,309575916,334798349,341358825,293625747,309466417,294968804,321570920,312104578,328508977,290766702,321694766,327274663,332179067,327140622,312295634,343580513,346023087,300603073,319677350,314600390,333050525,338344215,342739262,305178603,348507572,343468749,370934016,321980973,360830316,353302478,305915265,328651325,310450394,338215460,327282593,342758519,318733773,347219265,328109118,326914829,351508211,332072966,253790162,303184219,336793866,353646076,323580785,331994053,366124007,330996860,343222944,343606189,332870041,337688356,291964012,334719812,340313679,372261591,340642931,351112883,324736562,310455303,364200607,341569515,330550559,382616382,375936968,349854405,338848287,354053486,314346656
,,,Size: 100K,,,,,,,,,,,,,,,,,,,,,,,,,,,,,,,,,,,,,,,,,,,,,,,,,,,,,,,,,,,,,,,,,,,,,,,,,,,,,,,,,,,,,,,,,,,,,,,,,,,
,,,14548836747,14644228141,14212987967,14104130135,14255975980,14081637237,14459664873,13644944790,14978780684,14262610461,14378458833,14110266209,14198108997,14100863679,14729510549,13831597969,14361605491,11358476475,10811767020,10754217961,10814538845,10834622396,10870050852,10795918421,10767292848,11185639751,11052355050,10760090861,10743117069,10715672948,10732546303,10742494060,10744087076,10728127846,10756295792,10727594324,10735996641,10739360135,10717313539,10781235416,10718279770,10783225270,10723705613,10752148061,10733266350,10705246795,10722415796,10739734696,10733303731,11198848301,10771252920,10728712342,10742001317,10725313732,10727605651,10770439233,10739473033,10714423909,10748002972,10734746092,10724640883,10732919731,10733887472,10728977782,10736299839,10702034333,10759621906,10770361074,10720552809,10736411226,10741471193,10710309783,10828051348,10764265400,10729387835,10760324206,10728071209,10715372016,10752252273,10743698167,10749679434,10761000077,10705827893,10922898269,10747318417,10761318756,10737591544,10734433832,10725205367,10722067288,10754774139,10738022742,10724417731,10739691652,10768406335,10738805846,10732269536,10749939965,10720741600,10787505532
,,,11018315715,10761549458,10722195288,10830583031,10733292781,10720151063,10768060470,10733309395,10729161286,10746316694,10756851969,10738207757,10759658909,10736764264,10763553660,10763539311,10705893591,10749009982,10751235446,10744588127,10741007146,10695987745,10765188587,10741929954,10704126888,10749477427,10691462433,10724316163,10738123556,10713098599,10767187880,10728204872,10733606929,10711789901,10713365548,10723842297,10739451132,10715982565,10751447269,10736973067,10724390169,10739570071,10720347405,10734075130,10755806445,10710294302,10699334248,10760676490,10713386316,10752780509,10733613725,10705320423,10725238971,10717132300,10745037071,10716404701,10728543563,10861170518,10724748871,10791559245,11272736816,10738561551,10743679666,10743814840,11185739055,10879523235,10714269100,10749477050,10722758262,10758402695,10736921338,10760902661,10767607373,10718840101,10748732837,10727242795,10739136230,10719139522,10740069989,10708546478,10746506239,10720462945,10715592901,10711383247,12609780640,10759071014,10768502619,10739981257,10737249078,10713523000,10713885478,10720206945,10699212290,10703931301,10741825364,10755138882,10745626476,10696431404,10712842976,10735651909
,,,10976127420,10722258721,10729613628,10776887567,10721094638,11034152232,10723307265,10715882128,10711545606,10735121407,10827290521,10977136317,11069070198,10831088990,10709770596,10827555962,10785309896,10776547366,10723751679,10750827281,10679796303,10720610579,11025492026,10709514597,10833164554,10783206768,10720542992,10710453263,10704678157,10693458328,10713797501,10714155449,10727837108,10768628731,10701911997,10689950597,10696013798,10715962930,10717405669,10725159679,10671411732,10720956822,10715711462,10716797763,10734000369,10667177156,10699456208,10696164831,10966580654,10708850054,10716477952,10687090419,10742562780,10704614724,10760229056,10724852328,10717123993,10708684672,10693385455,10700377506,10701188172,10723237790,10705850169,10740418496,10726303751,10715630659,10724590664,10733932781,10710651494,10711220886,10694407567,10727885438,10696275839,10740924455,10680482367,10716679580,10677803050,10734844262,10728630030,10700058827,10667428626,10738294979,10691892498,10739367309,10680647370,10742788574,10694462317,10715711462,10716499851,10723491525,10713729159,10705698005,10707721086,10727138960,10722478474,10700858167,10705981946,10674543391,10725797414,10709432283
,,,11468254095,11198166767,11197654011,11185653344,11210603164,11177050531,11187872012,11215419213,11220729518,11197251510,11193216298,11206314973,11195373421,11190271542,11187286006,11204095172,11182710853,11237312889,11175151675,11215845125,11225787975,11203201437,11216162671,11171986410,11204561485,11219683617,11169502680,11185326736,11229527163,11186336766,11212883755,11210930527,11198200372,11211293005,11167234926,11191287990,11417149593,11229985169,11243599619,11191935542,11208822113,11182573413,11201069235,11216547049,11187056436,11201702439,11173871296,11176600076,11189264532,11185961073,11226190854,11187990573,11207175103,11172061549,11199740526,11167928543,11206611752,11189413677,11200940102,11187511800,11191766386,11174327792,11173987969,11202965825,11213568687,11185910855,11189090089,11182069719,11144586466,11224354298,11223763005,11213981384,11172569018,11189451057,11182600599,11201869708,11167703883,11175625539,11200058072,11200875913,11214377466,11158046108,11216318613,11179884279,11190142786,11203346806,11194181774,11178214237,11205057626,11195677751,11205987986,11194987910,11167032166,11224971266,11171447224,11177255935,11185683551,11186191020,11162330900,11180830498
,,,Size: 1M,,,,,,,,,,,,,,,,,,,,,,,,,,,,,,,,,,,,,,,,,,,,,,,,,,,,,,,,,,,,,,,,,,,,,,,,,,,,,,,,,,,,,,,,,,,,,,,,,,,
,,,1.09E+12,,,,,,,,,,,,,,,,,,,,,,,,,,,,,,,,,,,,,,,,,,,,,,,,,,,,,,,,,,,,,,,,,,,,,,,,,,,,,,,,,,,,,,,,,,,,,,,,,,,
,,,1.09E+12,,,,,,,,,,,,,,,,,,,,,,,,,,,,,,,,,,,,,,,,,,,,,,,,,,,,,,,,,,,,,,,,,,,,,,,,,,,,,,,,,,,,,,,,,,,,,,,,,,,
,,,1.08E+12,,,,,,,,,,,,,,,,,,,,,,,,,,,,,,,,,,,,,,,,,,,,,,,,,,,,,,,,,,,,,,,,,,,,,,,,,,,,,,,,,,,,,,,,,,,,,,,,,,,
,,,1.13E+12,,,,,,,,,,,,,,,,,,,,,,,,,,,,,,,,,,,,,,,,,,,,,,,,,,,,,,,,,,,,,,,,,,,,,,,,,,,,,,,,,,,,,,,,,,,,,,,,,,,
,,,,,,,,,,,,,,,,,,,,,,,,,,,,,,,,,,,,,,,,,,,,,,,,,,,,,,,,,,,,,,,,,,,,,,,,,,,,,,,,,,,,,,,,,,,,,,,,,,,,,,
Bubble Sort,,,,,,,,,,,,,,,,,,,,,,,,,,,,,,,,,,,,,,,,,,,,,,,,,,,,,,,,,,,,,,,,,,,,,,,,,,,,,,,,,,,,,,,,,,,,,,,,,,,,,,
,,,Size: 10,,,,,,,,,,,,,,,,,,,,,,,,,,,,,,,,,,,,,,,,,,,,,,,,,,,,,,,,,,,,,,,,,,,,,,,,,,,,,,,,,,,,,,,,,,,,,,,,,,,
,,,6797,378,377,378,377,378,377,378,377,378,0,755,377,378,0,377,377,377,377,377,377,377,378,377,377,378,377,377,377,378,377,377,378,378,378,378,378,377,378,378,377,378,377,377,377,377,377,378,378,377,755,377,378,755,378,0,377,377,378,378,755,378,378,378,378,377,378,378,377,378,0,378,378,377,377,0,0,0,377,377,756,378,378,378,378,0,378,378,755,378,377,378,377,377,378,377,377,378,378,377
,,,1133,755,378,378,0,755,378,755,377,377,378,377,377,378,755,755,378,377,377,377,377,378,378,378,755,378,377,755,755,755,378,377,755,377,377,378,377,755,377,378,378,378,755,378,755,377,378,378,378,378,377,756,755,755,755,377,755,755,756,378,755,377,377,378,378,377,377,377,378,756,756,377,756,378,377,378,378,0,377,378,377,755,377,377,377,378,378,378,755,378,378,756,377,755,377,377,378,755,377,377
,,,1510,1511,1510,1133,1133,1133,755,1133,1132,1133,1133,1510,1132,1133,1133,755,1132,1132,1510,755,1132,1133,1133,1133,755,1133,755,1132,1133,756,1132,1132,1132,1133,1888,1510,1133,1133,755,1133,1133,1888,1511,1510,1132,1511,1133,1510,1888,1511,1510,755,755,1133,1133,1133,1511,755,1133,1133,755,1133,1133,1132,1132,1133,755,755,1133,755,1510,755,1133,1132,755,1511,1133,1510,1133,1133,2643,1510,1133,1133,755,755,755,756,1133,755,755,755,1133,755,755,755,755,755,1132,755
,,,2266,1888,1510,1888,2265,1510,1511,1510,1888,1510,1511,1511,1888,1888,1888,1888,1511,1510,1511,1511,1888,1511,1510,1888,1888,1888,1510,1888,1888,1510,1888,2266,1888,1888,2266,1888,1510,1511,1510,1510,1510,1888,1510,1511,1510,1888,1888,1888,1888,1511,1888,1510,1888,1888,2266,1888,1888,1887,1888,1510,1510,1510,1510,1511,1888,1511,1511,1888,1888,2643,1888,1887,1888,1888,2643,1888,1510,1510,1511,1888,1888,1887,1510,1510,3020,1888,2265,1888,3021,1510,1888,2266,1888,1511,1888,2266,2265,1511,1888,1888
,,,Size: 1K,,,,,,,,,,,,,,,,,,,,,,,,,,,,,,,,,,,,,,,,,,,,,,,,,,,,,,,,,,,,,,,,,,,,,,,,,,,,,,,,,,,,,,,,,,,,,,,,,,,
,,,1744426,1854679,1570360,1547329,1654939,1605854,1567718,1655694,1676839,1912450,1771612,1601323,1614538,1811257,1892815,1924532,1898101,1741405,1313228,1094985,1190514,1722903,1732344,1742160,1733476,1747068,1720638,1716485,2111813,1701759,1653051,1594904,1603965,1722149,1899612,1699116,1154644,1143316,1091210,1089700,1089700,1089322,1104426,1089322,1088945,1133877,1092720,1089322,1089700,1090833,1089322,1089322,1155398,1199954,1102915,1091210,1089322,1090455,1160307,1129723,1105181,1099517,1094608,1093098,1092720,1093097,1272449,1105558,1090832,1088944,1092720,1089700,1089322,1088567,1092720,1089322,1089323,1089322,1088945,1089322,1089322,1088567,1095364,1116131,1197310,1089322,1090078,1098384,1093098,1089700,1091210,1091210,1088567,1089700,1089322,1091210,1089322,1090833,1093476,1090833
,,,2131069,1905653,1942656,1986455,1925287,1911317,1909807,1916225,1909807,1946809,1927175,1976261,1980037,1946054,1930951,1913582,1912827,1913205,2204319,2993465,1948320,1907918,1916603,2631742,2681205,2934562,2247742,2109924,1972484,1910184,1910939,2043848,2541500,2314951,2828084,2347800,1906408,1904898,1951341,1977016,2100863,2042715,2021193,1906031,1950585,1904520,1918113,1952851,1904898,1972863,1996273,1912449,1905276,1971729,1910562,1928686,1911316,1906409,1938125,1914715,1909807,1912827,1921133,1926798,1970219,1909806,1956627,1929063,1967577,1926042,1911695,1911694,1911317,1906785,1916225,1910939,1950585,1929063,1910184,1909806,1909806,1910939,1909806,1910562,1913205,1909807,1906030,1918491,1911317,1910184,1914337,1912072,1943411,1934350,1911317,1910184,1910184,1910562,1910939,1910184
,,,6243308,6531780,6261809,6286729,6751909,6154576,6953160,6228959,7329231,6259543,6045454,6287107,6037148,6219520,6255390,6159485,6204794,5975224,6200640,6020157,6128900,6285974,6332416,6001656,6176853,6184027,6278045,5954457,6154576,6005432,6137962,6089631,6196110,6005054,6288995,6100582,6765503,6022422,7032830,6655249,6524228,6144381,6036016,6355071,6239154,6026576,6259166,6131543,6188558,6102470,6219897,6088499,6102092,6244440,6014115,6063956,6224806,6230092,6108888,6166659,6249349,6241419,6302965,6221408,5946528,5928782,6003543,6003921,6890859,6614093,7494612,6268983,6364133,6216499,6229715,6424924,6238776,6279178,6140983,6152688,6204794,6278423,6184783,6318446,6091142,6205549,6037903,6467591,6190823,6355449,6854234,7225018,7754766,6239154,6605030,7878234,8020205,7184240,9814472,6941078
,,,13669955,24465005,14391890,14053955,12221175,12987287,10742189,10338177,10525835,10325717,10293623,10648549,10281918,10227545,10802602,11661222,12369564,10313256,10343086,10330625,10426909,10301551,10218861,10243404,10250955,10237740,10230566,10267192,10204135,12468491,10266059,10214707,10240384,10927581,11471676,10960053,13827406,10369516,12963878,11695582,10297021,11137139,10320808,10218106,11604962,12259310,14560669,13167772,10357056,10875475,10294000,10816195,11471676,10237363,11190756,10758802,10220750,10346484,10307970,10297776,10310614,10251334,10251333,10248312,10221504,10213197,10209044,10294377,10242648,10209045,11334991,11161305,10242271,11247393,10361964,10498649,10371027,10252843,10432573,10242271,10392171,10833564,10478637,12964632,10233587,10258130,10221127,10215840,10255486,10840737,13318804,11495086,10620607,10699899,10290602,10327982,10368761,10555664,10282672,11079746
,,,Size: 10K,,,,,,,,,,,,,,,,,,,,,,,,,,,,,,,,,,,,,,,,,,,,,,,,,,,,,,,,,,,,,,,,,,,,,,,,,,,,,,,,,,,,,,,,,,,,,,,,,,,
,,,117953766,112135237,113550035,111103685,114216466,110414977,113797350,109523508,113147533,113519073,115109446,118759902,110225432,118342675,109688510,115470036,109231637,114163982,113890613,114287073,112951191,109436286,113231734,109607709,118703265,109704746,114208537,111406506,112777503,114114141,110317561,114931982,109329053,113430719,109202186,123225557,118725920,122519480,115546307,109592604,115269918,108905407,114878744,110811815,113816607,112151474,110320582,113313292,110016628,121423361,109228616,114916501,111128228,115027888,114995039,109900711,114630295,109708522,114399593,109212758,112817527,109565041,131847627,117576940,109709277,114393174,109564287,115618048,109339625,112743521,109663213,115166838,112600041,111904913,120632706,110932263,117428173,109394752,115411889,109817266,113548903,112831876,111195060,113223427,109966788,115776632,109645466,121995019,113952914,116827063,115218567,110232982,113881173,109643578,115655805,110228451,122510795,113609315,114214578,113135073
,,,193828358,188135186,187654903,184922347,187332071,198635723,187404189,193476452,222833023,185150028,187297711,187869369,189352508,194309396,203319620,192776794,190501866,189079139,188815965,189257735,189287942,191151683,188385523,190889265,187719091,188176721,187203315,186055846,185974665,191464698,191270621,188317558,187080602,221604373,194712654,235033809,208593298,194112677,192174174,188578089,209152118,206224353,192263282,204155207,192248558,187826324,187411363,186516873,186356023,188943966,191415235,194369432,191568911,190638551,188400248,189807494,189281145,190180544,197520725,198935523,192748097,190982905,193089053,189239234,187386820,195095143,198029705,186137781,189983825,195618470,192638976,189189394,187931292,193183071,197472017,192537785,192208534,191465453,195040016,191123365,195592040,192382598,189144839,187473664,188066844,189798810,190291176,190183187,195094010,189474090,185307102,186109462,185349013,186397557,183336883,195609408,191956687,195423261,187139127,188882042
,,,691980475,716145680,735046268,680699099,695490471,681766144,687423068,693795130,689374031,752217913,689641358,748320141,682299666,687970939,683786204,791868861,693904629,686987716,683073331,692669183,682526971,700356739,680421577,684397887,684746394,680539005,678986768,695229562,667051045,678940326,683095986,697092926,684106393,688351540,675461291,686627126,682463915,685086217,678043570,695989633,684924612,702514239,688588284,685675621,678293528,697978731,708138313,676790000,693808723,682217354,687243716,692753761,672031342,678862544,688823895,674149573,684840411,671026975,675873987,671746268,690632886,685271232,685281427,665400637,681485602,685724707,675128264,676498129,691636120,676053717,680008503,683433166,694357727,679489329,691204923,684095443,683103537,680496339,689728580,692577053,674442199,698240018,682186770,686520271,677418295,674240571,671651873,695809526,675506979,699759405,681973814,681268492,686609380,682832434,667066525,690079730,679632809,680423465,679940538,681336835
,,,1056736126,1100589178,1063062125,1048971166,1050547946,1061923717,1105248154,1119875278,1051689375,1042796201,1049435969,1050070683,1051864195,1045552545,1060175893,1053825730,1039161981,1053341293,1049737656,1054919960,1039962076,1066760911,1055730250,1054718332,1044277830,1052190425,1049364606,1055023040,1041132200,1044278586,1045979589,1049591532,1052768880,1046849915,1051427333,1041144283,1049017986,1055451217,1058990287,1042183009,1047494445,1047099496,1055698911,1041868107,1056037978,1052110755,1052049210,1051299710,1053366968,1045043187,1044386197,1045691495,1045791177,1056102168,1048466717,1046707944,1047023224,1055626037,1084351670,1061773062,1066216439,1060836282,1042290242,1054876539,1053939381,1053711323,1046914481,1050213032,1045947872,1046979425,1041717451,1050647627,1056574899,1041194501,1058259290,1053429269,1049450695,1037652033,1061383398,1059812659,1052350897,1042388413,1069257856,1052779074,1053317128,1043793771,1045066220,1055729872,1044089040,1041823552,1049445031,1046380203,1037992234,1054249754,1051872879,1046451567,1042274006,1058367656,1051912147,1052278024
,,,Size: 100K,,,,,,,,,,,,,,,,,,,,,,,,,,,,,,,,,,,,,,,,,,,,,,,,,,,,,,,,,,,,,,,,,,,,,,,,,,,,,,,,,,,,,,,,,,,,,,,,,,,
,,,17530784962,16300565315,16922208805,15551011616,15897662620,15972337259,16135968927,16655280702,15554515571,16209866124,,,,,,,,,,,,,,,,,,,,,,,,,,,,,,,,,,,,,,,,,,,,,,,,,,,,,,,,,,,,,,,,,,,,,,,,,,,,,,,,,,,,,,,,,,
,,,18948494508,19875022466,19213797124,20493874498,18376818621,19782567900,18955358937,19170914079,19232751329,19419666928,,,,,,,,,,,,,,,,,,,,,,,,,,,,,,,,,,,,,,,,,,,,,,,,,,,,,,,,,,,,,,,,,,,,,,,,,,,,,,,,,,,,,,,,,,
,,,1.04E+11,1.04E+11,1.05E+11,1.06E+11,1.05E+11,1.04E+11,1.05E+11,1.05E+11,1.07E+11,1.04E+11,,,,,,,,,,,,,,,,,,,,,,,,,,,,,,,,,,,,,,,,,,,,,,,,,,,,,,,,,,,,,,,,,,,,,,,,,,,,,,,,,,,,,,,,,,
,,,1.53E+11,1.53E+11,1.54E+11,1.54E+11,1.48E+11,1.06E+11,1.05E+11,1.05E+11,1.06E+11,1.05E+11,,,,,,,,,,,,,,,,,,,,,,,,,,,,,,,,,,,,,,,,,,,,,,,,,,,,,,,,,,,,,,,,,,,,,,,,,,,,,,,,,,,,,,,,,,
,,,,,,,,,,,,,,,,,,,,,,,,,,,,,,,,,,,,,,,,,,,,,,,,,,,,,,,,,,,,,,,,,,,,,,,,,,,,,,,,,,,,,,,,,,,,,,,,,,,,,,
Merge Sort,,,,,,,,,,,,,,,,,,,,,,,,,,,,,,,,,,,,,,,,,,,,,,,,,,,,,,,,,,,,,,,,,,,,,,,,,,,,,,,,,,,,,,,,,,,,,,,,,,,,,,
,,,Size: 10,,,,,,,,,,,,,,,,,,,,,,,,,,,,,,,,,,,,,,,,,,,,,,,,,,,,,,,,,,,,,,,,,,,,,,,,,,,,,,,,,,,,,,,,,,,,,,,,,,,
,,,7551,4153,3776,3775,3776,3776,3776,3776,3398,3776,3776,3775,3776,3776,4531,3776,3775,3776,3776,3776,3776,3776,3776,3775,3776,3776,3775,3776,3776,3776,3776,3776,3776,3776,3775,3776,3776,4153,3399,3776,3776,3775,3776,3776,3775,3776,3776,3775,3776,3776,3776,3399,3776,3776,3776,3776,3776,3775,3776,3776,4153,3776,3775,3776,3776,3775,3776,3776,3776,3776,3775,3776,3776,3776,3776,3776,3776,3398,3776,3776,3775,3776,3776,3775,3776,3775,3398,3776,3775,3776,3776,3399,3776,3776,3776,3775,3776,3776,3775,3776
,,,7174,9818,4909,6041,5286,6041,5286,4908,4531,4531,5664,6041,4909,8684,4909,4908,6042,5664,6041,4909,5286,8684,7930,8307,8307,8684,9062,9062,8684,9062,7929,8684,9062,9062,8307,9062,9062,9062,8684,8307,9062,9062,9440,8684,9062,8685,8684,9062,9440,8684,9062,9062,9439,8684,9062,9062,9062,9062,8306,8684,8306,7174,9440,9817,5663,7929,3776,3398,3399,3399,3398,3398,3399,3399,3398,3398,3399,3398,4908,4531,4908,4909,5286,5287,5287,5286,5664,5286,5286,5286,5664,5663,5286,5663,5664,7929,4909,5286,4531,5286
,,,10195,9062,8684,9062,8685,8307,8685,8684,8307,8685,8684,8684,8685,8684,8684,8685,8685,8684,8684,8307,8307,7929,9439,8685,8685,6041,3398,3776,3776,3398,3398,3398,3776,3398,3399,3776,3398,3776,3398,3776,3398,3398,3398,4153,3776,3776,3398,3776,3398,3399,3398,3398,3399,3398,3776,3398,3398,3398,3398,3398,3775,3398,3398,3398,3776,3776,3776,3775,3776,3398,3398,3399,3398,3399,3398,3776,3398,3398,3776,3776,3399,3399,3776,3776,3398,3776,3776,3776,3398,3776,3398,4154,4154,3776,3776,3776,3776,3776,3776,3776
,,,4154,3021,2643,2643,2643,2643,3020,2643,2643,2644,3021,2644,2643,3021,3399,3021,3020,2643,2643,3021,3021,2643,2643,3020,3020,2643,2644,3021,2644,2643,2643,2643,2643,3020,3021,2643,2643,2643,3020,3021,3021,2643,3021,3020,2643,2643,3021,2643,2643,2643,3020,2643,3020,3021,2643,2643,3021,2643,2643,3020,2643,3021,3021,2643,2643,2643,3021,3021,2643,2643,3020,2643,2643,2643,3021,2643,2643,2643,3021,2643,2643,2643,3020,3021,3021,2644,2643,3020,3020,2643,2643,3021,2644,2643,3021,3020,2643,3020,3021,2643
,,,Size: 1K,,,,,,,,,,,,,,,,,,,,,,,,,,,,,,,,,,,,,,,,,,,,,,,,,,,,,,,,,,,,,,,,,,,,,,,,,,,,,,,,,,,,,,,,,,,,,,,,,,,
,,,511245,539941,814066,451965,565995,572036,496897,496519,524461,452343,451587,451588,451965,451965,451965,451965,451587,451588,451965,451965,536543,451588,452343,451587,451587,451209,451965,451588,451965,451587,489723,453475,444791,445546,444413,444791,444791,445168,444790,446301,470089,420248,505204,524460,398726,384755,385133,385510,385133,385133,385511,385133,385511,356059,340201,618478,624519,340200,339445,339445,339446,339445,339068,339445,339446,348130,330006,329629,329251,329629,329628,370785,330006,330384,330006,329629,330006,330006,329629,329628,330006,329629,329628,445924,330384,368897,329629,330006,330383,330007,329628,329628,330006,329628,329629,329628,329628,329629,330006,405522
,,,731375,647552,551269,581853,499540,400614,480661,594691,561463,581098,570148,629051,646796,574302,525216,338313,336047,335292,335292,335292,334914,335293,334537,335670,335292,334915,335293,348130,333782,333782,333405,333405,333027,333027,333782,333404,333782,333782,334915,334159,334159,338313,439127,438372,337558,339824,339068,350396,361346,370407,372296,382113,785369,479906,438372,339446,514266,515021,466313,456496,334915,333782,333404,333027,333026,333027,333027,333026,333026,332650,333027,332649,333027,333027,332650,332272,333027,333404,332649,333027,333027,332649,332649,332649,333027,385133,509358,407032,604508,340956,333782,408543,397971,581475,615457,819729,338313,337935,374938,705322
,,,860130,766490,771399,615835,645664,490856,538054,533900,479528,377204,375693,376071,375316,376071,375694,376448,376449,376071,375693,375694,375316,376071,376071,376449,375694,374560,375315,375316,376071,376071,375694,376826,487457,884295,475753,451588,541452,376449,377204,375694,374939,374939,375316,375694,374939,376071,375316,376826,375316,376448,375694,374560,375316,375316,375316,389664,374183,375694,408543,376826,374561,374561,380602,374560,375693,521062,597712,651328,647175,620744,664543,598088,582230,377581,375316,373806,374561,374561,374560,373806,374183,373806,374561,374938,375316,375316,374939,373806,374183,374561,374560,374560,374561,374938,375316,421003,374561,374183,450077,493498
,,,724956,748366,552402,358325,328873,328496,328495,328495,328496,328118,385888,328873,329251,328496,328118,328496,328873,328496,438372,334915,333405,332649,341333,329251,328119,328495,328495,328495,328496,328119,328495,328873,328118,328496,328496,328118,328496,328873,328496,328495,328495,328496,328496,328496,328495,328874,328496,328873,328118,328873,328118,328496,364743,328496,328496,667186,834832,566372,665676,665298,1338526,701169,763469,1208638,712496,510868,582230,371540,330762,333027,621499,709475,664166,669452,646797,567882,684178,795186,538808,638490,721558,770266,745723,636980,424779,461027,514266,330762,332649,333782,331894,332649,329251,329629,328874,329251,329628,330006,334159,330006
,,,Size: 10K,,,,,,,,,,,,,,,,,,,,,,,,,,,,,,,,,,,,,,,,,,,,,,,,,,,,,,,,,,,,,,,,,,,,,,,,,,,,,,,,,,,,,,,,,,,,,,,,,,,
,,,4677100,4073725,4368238,3847176,3483943,3482811,3673867,3564746,3480922,3518303,3481299,3662917,3485076,3483943,3520568,3570787,3530763,3476769,3623270,3520190,3478279,3477146,3476769,3477524,3563990,3489607,3477146,3475636,3517170,3477147,3488097,3477524,3456757,3512262,3465819,3465442,3464686,3519435,3463176,3463932,3463176,3465063,4426764,3463554,3933642,3498291,6039791,5118115,3463176,3684438,3558704,3463931,4896852,3871342,3465819,3465441,3659518,3603636,3464309,3506975,3463554,3798846,3467329,3479412,3463176,3500556,3474126,3460911,3460911,3460911,3557948,3456758,3455247,3454869,3455624,3460533,3456002,3455624,3454492,3488474,3465441,3460155,3461666,3460910,3544734,3463553,3462798,3463554,3523966,3463553,3463932,3463931,3472993,3463931,3463931,3464308,3463931,4663507,4038610,3464309
,,,4248546,3827919,4118280,4157925,3602126,3644037,5984287,4158304,3666692,4680121,4134893,4711459,3969135,3585513,3583625,3691990,3836226,5952569,4281017,5324275,4304805,3702563,3772793,5252534,5798894,5703366,3585890,3618740,3541713,3530008,3651589,3528120,3528497,3525855,3605146,3533783,3531141,3528120,3594574,3527742,3527365,3523966,3628556,4419590,3531518,3528120,3683683,4968970,3532273,3525854,4447908,4415058,5440947,4335011,3520191,4005760,3527365,3653477,3562480,3875495,3527365,3530008,3600238,3541335,3556439,3525476,3577205,3527742,3547377,3528498,3573807,3527365,3526609,3538692,3954787,3525099,3520946,3528875,3917784,3989525,3530385,3527365,3559837,3528875,3528498,3528120,3526988,3715401,3530007,3529253,3526987,3872852,3527743,3526987,3562857,3856616,4276863,3532274,3527365,5169088
,,,4783956,5038823,4021997,4169253,7041514,5512688,4432427,4066551,4217206,4134138,4032946,3951766,3981595,4012934,3952144,4464899,3958185,3982728,4009159,3965359,3951389,3954031,3950634,3956675,3952522,3987259,3955542,3953654,3975554,3955165,3955920,3953276,3945725,3949123,3947236,5115094,3962716,5333337,7740417,4857584,4137536,3945347,3940439,4475849,4536640,4924793,4553253,4498881,4717501,4418079,4151129,3951766,4092226,3947613,3949879,4064663,3966869,3967625,3949123,4005760,3974043,3948746,4041253,3969135,3950256,4091849,3969135,3949123,3958563,3968002,3950633,3959696,3994056,3950633,3958941,4406752,4169631,4405997,4709194,4839082,4170386,4315000,3951767,4145466,4112616,3940439,3998964,4122433,3949501,4023884,4025772,4023885,3964982,3976309,4005383,3960073,3972534,3953655,3964981,3970646
,,,5715827,5752452,5213265,3472616,3474504,3502445,3510751,3554173,3460910,3460911,3543601,3465064,3462799,3461665,3499802,3463553,3462798,3463931,3462420,7224642,4607248,3459777,8914318,4867023,5570458,4779802,3677265,4408262,6935414,6406045,7911084,7334140,4704664,6656759,4044273,4381831,3461288,3459778,3841890,3767506,3465064,3477902,3520569,3789029,3457135,3500557,3574562,3574563,3462798,3464309,3461666,3530008,3465441,3465819,3465819,3495271,3459777,3458645,3458645,3459022,3502822,3465819,3465819,3465819,3494515,3468462,3465441,3467330,3607790,4756770,3465819,3461288,3857371,5009372,3481300,3455247,4679743,4041253,3485831,3460155,3636108,3460156,3629690,3454114,3477146,3499424,3665560,3514905,3614208,3506976,3466575,3522834,3459022,3462799,3459778,3460155,3459023,3573052,3460910,3462043
,,,Size: 100K,,,,,,,,,,,,,,,,,,,,,,,,,,,,,,,,,,,,,,,,,,,,,,,,,,,,,,,,,,,,,,,,,,,,,,,,,,,,,,,,,,,,,,,,,,,,,,,,,,,
,,,44546669,42021782,38352824,37427750,36899136,38035656,40276601,38782512,36754900,36935762,36682404,39093261,42016874,36864776,36707324,36741307,37576517,41016660,37360541,36869307,36782086,36577059,50142801,37089060,36827396,36785862,37239336,44752828,42216992,36798322,36600091,37248398,40360802,37846865,36885921,36975785,37046392,38290145,40578666,37025626,36751502,36774156,37138900,39909592,37838936,36837213,36903289,36808516,40443115,38943739,37034310,36988245,36665790,37887266,41642690,37302392,37121909,37002593,37639196,41927386,39848046,36827018,37342039,37848376,48112169,37511950,36666924,36874216,36785483,40619067,37682618,37028269,36672587,36753767,40574890,38917308,37273319,36801342,36749614,37932576,39564860,37438700,36853449,36819089,36604623,39901662,39037757,37738122,37076222,38218783,41054418,38429851,37019207,36899891,36688446,41786926,41652507,36993532,36756032,36708080
,,,46513490,40296990,37545556,37209130,37631266,40354005,38095313,38119101,37172883,37284269,39542205,44400166,39994925,38136092,38104376,41705368,41676295,38908624,38066617,37416800,38714169,41252271,37888399,37257461,41275303,60092447,43310089,37568210,37865744,37420198,52948231,38106641,37281626,37357142,37898971,45293902,41586809,47819543,67872511,50126943,39533898,37445496,37340528,37579537,44624828,38178381,37754358,37512706,38088517,44626338,38034523,37807596,38723986,38760234,42584000,38145910,37532718,37708293,37459467,42995187,39251468,37828363,39344730,37298617,43704285,42716154,37753980,37726794,38295432,42117310,38372081,37726416,37204977,37857437,43786975,38379632,37966180,37480234,38872754,41996107,38538217,37911810,37465508,37284269,41316082,40285286,37465508,38198771,37513838,41149947,41031386,38227845,37564057,37276718,43692579,40414040,37519124,38058688,38187821,46180841
,,,46622233,48526376,43535127,45376592,42808284,41527905,42728236,44890645,44155872,42234738,43241370,45389430,42555304,41837900,42682927,45527247,42097676,42048213,42345369,51161139,55436491,42460532,47118753,44129441,42203399,41649486,49219615,47960758,42594573,41863575,50185468,43658597,41816000,42424284,45372439,42521700,42147139,41572083,47153113,43322550,41790702,41569440,51923852,50488666,50374636,60680719,48193726,42264566,42109003,44100745,44052792,42245688,41748791,70796501,71880536,43593275,49795427,44022207,41608708,41832236,50535109,48133314,42551528,45642032,45924463,42622136,43618951,49125220,43930456,42489982,41623056,44859306,50010270,42065204,42399741,48468228,44371848,56671560,63880721,52094519,42646679,44644462,52554413,42425793,44878562,42306101,51168690,42466195,41627210,41650620,46031696,43235328,41698950,41921346,48553184,42522454,41961369,41587564,47321513,42152425
,,,41543764,38256163,41522619,39365498,37121531,37767951,36484552,47569962,44203825,36591407,36522688,36725071,43939140,41343268,37504398,37112092,36442263,40489935,38520471,36997684,36701661,36481531,38881060,41090667,37813638,46504050,49622495,42343481,38383786,36950487,36906310,36638983,43518892,38670748,37384706,36859113,39643019,68256511,67269135,39046819,37616918,53239346,37269166,36635584,36958794,37326181,44063364,38807054,37996010,36672965,38006582,40015693,37492316,37473437,36442640,36471336,43319906,37229897,36828905,36950109,36837590,41240944,37465130,36603867,36634829,36978051,39872211,40812012,37383195,36910086,36429425,41014772,38035278,36609531,38491774,38692269,45679035,39442524,36710723,36903667,37738121,43315754,39063810,37684883,36732623,36567997,40083657,37922004,37757756,36803608,36589142,37864234,43996154,37096611,36893472,36779065,37339774,43699754,37256328,39408542
,,,Size: 1M,,,,,,,,,,,,,,,,,,,,,,,,,,,,,,,,,,,,,,,,,,,,,,,,,,,,,,,,,,,,,,,,,,,,,,,,,,,,,,,,,,,,,,,,,,,,,,,,,,,
,,,428604278,404531580,407235063,416935505,413417579,412088493,403771509,418552308,408326650,403730730,437402678,407077989,403793031,414505769,405378873,413312612,406649056,414275444,409628928,405959971,421210481,405967144,405337716,408563393,423205242,405217268,405708124,436628259,406302814,405954684,404642589,412768895,404827604,404963533,416157310,404125303,400170516,410540787,411738476,406589021,402478293,422843520,404706400,403871568,431951537,402559851,401873785,404560276,429426650,402156216,424675922,408328160,405117209,406433080,403441125,420653926,409057270,407474827,419839483,406851063,404912560,415494654,409127500,404884619,403993527,404083768,406294508,400293607,423527320,407533351,401970823,402352180,414000565,403761692,403165113,406958295,404659580,406406649,414366064,413439101,401436924,403072228,411235159,409036880,405927121,402120345,415627563,406450448,408863193,416742561,407878839,401270033,403803604,413643373,407385340,407571865,409327619,416809393,409909471,404788713
,,,441000651,412443042,447660430,484584487,417037074,419250833,431789932,416898124,413130240,425249846,428154956,426913091,410827372,429255983,453026239,478524306,438764237,416686301,421149312,436693958,498642217,421264097,428873871,417353487,421880310,421070020,425695769,409167146,412213850,432008174,410253448,416178076,422281678,419310491,412393957,447712537,416052720,415351551,414270158,419892722,414992093,412042806,432488835,413619208,415026075,422316416,412267844,415510513,412103974,419501170,414716082,411491536,426231935,411627089,413612789,425742212,417367458,419298786,455800707,421968664,416632306,412100198,427676939,413698122,410808114,420687153,431788044,418778480,429115146,415050241,416263410,413349614,423017584,412248210,424835261,442798693,415018147,412712257,422663413,472330840,420014303,432053106,419037499,414573733,412945981,424526023,413391526,411550440,425079556,421569183,419952757,425887203,416558301,413343574,410331229,421227471,412097932,412301071,427904997,416602101
,,,462597170,484574293,514205743,476361520,475730960,467270117,480275529,469924136,460216898,461702680,465740158,533056869,489633882,486249998,474947856,476579007,467842908,468804230,461488969,473676162,460791954,471646662,464305348,458996178,475440223,460616379,459412650,473821531,457226832,474041284,480933276,462481253,471565105,464921184,460102113,468868041,458513628,470128786,465308960,462227518,471401613,467735675,460832733,467188937,457515681,487916642,459497228,473169448,461517665,459050927,484143850,459606727,460710774,481898373,458703930,481130373,472479607,462449914,466940111,462285289,460823671,460420792,459130974,469206731,461119317,465068818,473811714,459079623,479305900,460009228,459576520,473546651,462721772,470760856,482044120,462147471,479735210,468590896,465039744,482574999,461691731,468669056,464616098,464408051,472733341,459519883,462301147,468805741,460207458,459516107,461180485,463490528,473631607,526432581,470397246,479831493,460905606,471374427,462957383,458176826
,,,433354629,404202707,427681847,474879891,408376491,411504753,410558156,408581895,422133289,408036667,420522528,410870038,403171532,423568476,437199539,467776076,425092772,416944189,471830167,421287507,410447525,411297083,409455618,413654701,414030016,412492882,422664169,403959544,401490540,403402234,416755021,399891483,401616274,409200751,407726296,402483202,409577578,405077940,404425858,410188503,406262413,420904262,418724108,415928873,404018447,399398362,417205475,406278272,407821824,403569881,410456209,400782198,403194564,412883302,410903265,402662553,404080748,427004088,412552541,402725609,418463576,404347320,406401740,411856280,404090942,402356334,404036194,418427329,404987321,404191379,412885568,409560963,416984213,424923993,409913625,402402776,401606080,409901164,403456229,399650208,414411374,407002095,402377478,404071308,412988269,408500338,404133610,413382087,405091534,403769244,430074580,403339933,401011767,403065432,414418169,403594046,404757374,419822114,404567451,402452240
,,,--------------,,,,,,,,,,,,,,,,,,,,,,,,,,,,,,,,,,,,,,,,,,,,,,,,,,,,,,,,,,,,,,,,,,,,,,,,,,,,,,,,,,,,,,,,,,,,,,,,,,,
,,,,,,,,,,,,,,,,,,,,,,,,,,,,,,,,,,,,,,,,,,,,,,,,,,,,,,,,,,,,,,,,,,,,,,,,,,,,,,,,,,,,,,,,,,,,,,,,,,,,,,
Quick Sort,,,9062,755,378,377,378,378,378,378,378,755,377,377,756,378,755,378,378,377,755,755,378,755,378,755,755,377,378,756,755,377,377,378,378,755,755,378,378,378,377,378,377,755,755,378,377,377,378,378,378,377,378,755,755,378,378,755,755,377,755,378,378,755,378,378,377,756,377,756,378,755,378,377,377,377,377,378,755,377,378,378,378,755,378,755,377,755,378,378,755,378,378,756,378,755,377,378,755,378,755,378
,,,1510,1133,756,756,1133,755,378,377,755,755,1132,377,755,755,755,755,377,755,755,755,755,377,755,755,755,755,378,755,755,755,1133,755,755,755,755,755,755,1133,1132,755,755,755,755,756,755,756,377,756,755,1133,755,377,755,755,1132,377,378,378,755,1133,755,755,377,377,755,756,378,755,755,756,378,756,755,755,378,1133,755,755,755,755,755,378,1888,377,755,755,1132,378,755,1133,755,1132,755,755,378,756,755,378,755,755
,,,1888,1133,1133,755,1132,1133,1511,1511,1510,1133,755,1133,1133,1133,1133,1133,1133,1133,756,755,1133,1133,1132,755,1133,1133,1510,1132,1133,1132,1133,1133,1133,1133,1133,1132,1511,1133,1132,1132,1132,1132,1133,1133,1133,755,1133,755,1132,1133,756,1133,1510,756,1132,755,1133,1133,755,1133,755,1133,1133,755,755,1132,1132,755,1133,1133,1133,755,755,756,755,755,756,755,1133,1133,756,756,1133,1133,755,1133,755,1132,1133,1511,755,1133,1133,755,755,1132,1133,1133,755,1133
,,,755,378,755,378,378,378,378,378,378,377,378,378,378,378,378,378,378,378,378,378,378,378,378,377,377,755,378,378,378,378,755,378,756,378,378,377,755,378,378,755,755,755,755,378,755,755,377,377,377,377,378,378,755,755,755,377,755,755,755,755,755,755,755,756,755,377,377,377,377,755,755,755,377,378,755,755,756,755,755,755,756,755,755,755,378,378,755,755,755,378,755,378,377,377,755,755,756,755,755,755
,,,,,,,,,,,,,,,,,,,,,,,,,,,,,,,,,,,,,,,,,,,,,,,,,,,,,,,,,,,,,,,,,,,,,,,,,,,,,,,,,,,,,,,,,,,,,,,,,,,,,,
,,,40401,50218,43422,43044,43800,42666,42666,42667,41912,40024,39646,40023,39647,39646,39646,472354,74383,43422,39268,46820,41156,45310,78914,55127,47953,47575,92885,48708,69475,44177,41534,44177,41156,45688,145369,111764,51729,60413,84956,42289,92885,39268,42289,198986,33982,44555,172555,77027,64189,45310,51351,50974,100437,53239,124979,41157,81557,59281,131021,42290,38135,37003,39646,41912,38135,43799,42667,38513,38891,45310,40778,43044,52861,58902,175953,46820,56637,83068,43799,44555,41534,39268,41534,41534,35871,36626,53994,37380,36625,37003,37003,37380,37380,41912,37758,39269,36248,36625,36248,38136
,,,228437,292626,130265,91752,94772,98926,94773,95150,95528,94773,185770,616213,89864,95906,87598,86466,101947,90620,384000,110254,854844,96283,420248,92508,171422,105723,116673,100436,132909,185015,148011,98171,138195,234478,94773,95905,97039,93262,115540,92508,96283,101192,131399,97416,100059,96284,663032,317546,285829,178974,299800,107610,183883,207670,137817,113652,116295,108743,97039,121959,104968,379846,97793,123847,135174,118183,114407,95906,187280,112519,102324,103835,155941,98171,97794,1009275,108366,116673,134796,100059,94773,101191,82691,184638,90242,168779,156696,140838,142348,92885,100059,99682,171422,116295,106855,109499,99681,140083,113652,121959
,,,132154,130265,132908,135929,128000,138195,130643,134042,107233,115163,115918,145369,123092,119693,126867,117428,117050,117050,115918,225416,108366,158584,147257,299422,105345,110631,114030,121959,112897,116673,149145,158962,117050,115540,126490,114407,117051,112519,148767,118183,107610,118560,118183,108366,102703,101569,123847,108743,124979,110254,113275,114407,116295,126112,113275,115162,114408,146124,187658,127245,118938,108365,102702,130644,114785,131776,305841,89487,159340,150277,121958,112142,208803,135929,95528,220885,179351,312637,115540,117050,113652,115162,112897,115540,117428,161983,117051,115917,117050,113652,116673,117050,182749,118561,112896,123846,120826,118183,118182,118183
,,,97038,65322,69853,65699,85334,70986,79292,70986,63434,64189,63434,63056,63434,51728,52106,51728,51729,53616,51351,52484,51728,53994,70607,68342,112897,63434,53994,54372,55504,229569,57393,103080,56260,53995,59658,56637,57015,96283,57392,57769,53994,54749,55505,51728,52107,52106,52484,56259,51728,53239,52484,52862,51729,52483,51729,52107,51729,52484,79292,53994,60413,53617,52484,56260,53239,50596,53994,52484,51351,51351,50974,52106,53995,53995,53994,53995,54372,71363,52483,53239,53239,51351,53994,53617,53239,51729,51351,52483,58525,53995,54371,53995,53994,53994,53239,54749,53616,55127,69853,53994
,,,,,,,,,,,,,,,,,,,,,,,,,,,,,,,,,,,,,,,,,,,,,,,,,,,,,,,,,,,,,,,,,,,,,,,,,,,,,,,,,,,,,,,,,,,,,,,,,,,,,,
,,,726844,1410644,1067045,532390,517286,503316,521062,507469,855221,716272,515776,519929,516531,590915,706832,714007,715139,482926,914124,501428,454985,520684,1799175,543717,673983,661145,689463,466691,689086,868059,498785,502183,485569,502939,522195,1427635,513888,513889,492744,470088,468578,801983,554667,464803,1105558,562974,464803,468578,508979,463670,507092,466313,491989,462537,453475,526726,354171,472354,595823,512755,589782,500673,735906,658502,544850,508602,518797,505581,649817,455740,454230,448567,363610,341333,339445,339068,340956,338691,340201,338690,339068,340201,342089,339823,341334,339068,340201,338691,339446,450077,471599,464425,463293,456118,550891,555799,576189,555423,562974,558820
,,,1292083,1241109,1212791,1087812,1137275,1054962,1085546,1187871,1210904,1235824,1298125,1318514,1152000,979823,880897,932249,935269,842384,954148,842384,823127,833322,827658,1178809,1164461,1102915,1090832,1114242,1104048,1105936,1107446,1105558,1112732,1105558,1111600,1091210,1113109,1108956,1088567,1091965,1106691,854089,842007,840874,925830,832944,828036,846537,841629,845405,842006,895623,828036,829168,845782,805381,780084,785369,788390,770266,785747,856732,784614,803493,805003,770266,789145,790278,771399,790277,759694,751009,753274,751765,888827,1109712,931116,751010,760448,741570,739304,746856,750254,764224,785747,828036,983977,898643,812555,826903,834454,806514,815954,785746,763470,755918,774042,743458,741192,801227
,,,907705,941688,990018,904308,896755,911103,904685,1285287,1198443,1141051,1152001,971139,902797,908838,1111221,1165971,1218833,919033,912236,1141806,1092721,1162196,1000213,1021735,1021735,1019092,1028909,1020980,1105181,1012295,1014183,1073463,1016072,1014183,1163328,1067044,1015317,1086679,1023246,1034951,1083659,1098006,1021357,1000590,1014561,1023623,1001346,993794,1013429,882785,1018714,870325,888827,876367,838231,800095,763469,769889,782726,788390,753274,754785,766112,754786,757428,756673,749499,740059,759316,747611,773664,758184,761204,757805,748744,762714,748367,751765,761581,749877,754407,740815,749877,755540,764980,756673,851446,769888,815576,970384,758561,745346,746478,769511,768378,823882,804248,784992,785369,746856
,,,520307,594313,565995,969251,2666857,510490,677004,517664,654349,538808,866172,560331,864661,602997,353794,477263,627918,1345322,536543,354926,379847,370030,436106,380979,3688592,8236182,475752,1090455,2993842,484437,484437,479906,658879,399481,382490,376071,368897,372295,367009,378337,366254,373805,371540,385133,359835,381357,485192,353793,357192,357192,354171,353038,354171,352661,353794,932626,488590,462538,467823,473109,464425,496519,478773,352661,354926,352284,353416,352284,353794,352661,352284,352284,549381,552402,518797,420626,357192,510868,1857700,738549,744213,1034950,744968,535033,507091,1172013,471977,697393,478396,730997,578077,533522,361723,381735,951883,562596,482172,821994,494632,495010
,,,,,,,,,,,,,,,,,,,,,,,,,,,,,,,,,,,,,,,,,,,,,,,,,,,,,,,,,,,,,,,,,,,,,,,,,,,,,,,,,,,,,,,,,,,,,,,,,,,,,,
,,,7659237,6845928,8661716,10941552,8349078,10786366,7005644,7206517,6282198,7741550,5593113,4475094,4686917,4160569,4232309,4314622,5032026,4180203,4177182,4465655,4868911,4675212,5793986,5832499,4449040,4310468,4188887,4199082,4202858,4318398,6902187,6009207,5487389,4811519,5799272,5850623,4940652,5837785,8764040,4328592,5821172,5913301,5454540,4483023,4604227,4966705,5879319,5843071,5333714,5126421,5616145,4666151,5646352,5903484,6665066,6132676,4668038,4663507,4653313,4687294,4688427,4828887,4650292,5843071,5358256,6785514,4920263,4825112,4685029,4709949,4746198,4208899,4133005,6215367,5744900,4658599,4433560,4448286,4509076,4216073,4492463,4138291,4105442,4363330,4099023,3952144,4302539,4258363,4066929,3922315,4022752,3949123,3779589,3725217,3860769,3773926,3826032,3963472,4049938,3895129
,,,8660206,9482577,9283215,10415581,8565433,6967509,7365856,7165739,7309219,6852724,7431178,7634695,7752500,7922412,7703792,7633940,7747591,6691118,6304475,6066599,6162882,6009962,6145891,6493267,7746081,10172041,8227120,7058505,8308678,7456476,12397883,7101927,7092488,7113633,7437597,6452488,6093030,5909526,5882717,5819283,5947283,5875165,5991083,7629031,5924629,6033750,5856664,6370553,7641491,9445197,7163095,7036228,7407769,6715662,7282789,8366448,6781361,6742092,6764748,6694139,6680924,7107213,8118754,7479509,7334518,7527461,7618836,8490672,10588891,7370388,8145562,8853905,9299074,7521042,7965833,7534635,7494612,10756537,11825092,10240384,7520287,7434576,7219733,6329396,7191791,7165739,7258246,12065234,7186883,7120051,7496878,8964536,8915451,8724395,8055697,8583556,9316819,9308135,9611332,9368926
,,,14059241,14016196,17334381,27335756,17499762,15771195,14057730,14565577,13024668,12920833,16382122,15163667,17751986,16967373,18105025,21730184,25034020,26434092,20605369,22275789,21064508,25966268,23758551,21463234,11418437,10741811,8796513,8623580,10389151,9370814,8924513,9219026,8973975,9084984,8088170,8244111,8276583,8161043,9504855,10872455,28268382,15865968,13284822,10093881,10462024,10577564,13831559,11296856,15048882,10678000,11675193,10697257,10738791,10133906,8134612,9172584,8554482,8466507,13100184,10431817,9747640,9104996,8198801,8310188,8197291,9249987,8436299,8233539,8208995,8249774,9721209,9529776,8751958,11095228,8475191,8820300,9322106,9021929,8988323,11948184,11470166,13421128,11462237,13814568,11739759,11345186,10903794,8591108,8080618,12269883,10184501,8829362,9094046,9138979,9510518,8988324,8238825,8094211,8094211,8023603
,,,3720309,3773925,3666692,4879483,5441324,5085643,4075613,5548558,6116062,4524934,5962387,4343318,5289537,4464899,4654823,6103225,5153230,4524179,4450551,5002952,4766964,4368238,4674079,4183979,4107707,3942704,3921560,4220227,5349195,7314128,6649208,5881207,6620889,6278800,6244818,8279981,6390942,6387543,6575579,6033373,7080782,6194977,5349950,5085265,5390728,4374657,4405241,4366351,4568357,4318775,4746952,4314999,4494728,4315754,4323307,4160569,3782610,3656498,3582114,3563613,3559082,3571920,3719931,3587778,3630444,3673866,3576450,5590469,6162127,11039723,7682647,5885360,4830021,4942917,4386740,4279884,4879484,5978623,5383555,5224970,5192121,5187590,5190988,5305396,5676557,5371472,5209112,4448664,4140935,4412038,4603472,4830398,4951979,3618362,3618362,3721064,4540793,3684061,6970529,3957052
,,,,,,,,,,,,,,,,,,,,,,,,,,,,,,,,,,,,,,,,,,,,,,,,,,,,,,,,,,,,,,,,,,,,,,,,,,,,,,,,,,,,,,,,,,,,,,,,,,,,,,
,,,60382807,54486497,60509296,52857611,59251573,76889153,52633328,50349716,59196447,45462303,46321301,49668559,53643735,61617120,67194752,106446597,107119070,47411000,48725739,41754454,45876510,52509859,52029576,58670853,83644460,60652022,47026622,49334400,43532108,40707043,41981381,50191132,51053905,51080336,39552778,43749971,47618670,73611747,95978910,51132441,45762858,65816202,66172261,56140303,48836370,47323401,50767699,49163355,60051669,53849518,42737298,37797024,42642148,45286727,42383505,39569014,38159125,41858667,37726040,40793888,53463252,67937077,59288577,47429879,48159367,47447248,44710916,39797451,47618670,39100058,43864756,42039905,56538274,53868019,46906551,37666758,60478335,46303554,43905157,53863111,56600575,50681233,41561510,51079959,51163026,50631391,44342397,43382208,46952994,48584523,40213167,45267849,44565925,42032354,40285663,45298432,59798689,53437953,37341662,43167741
,,,55550899,49731615,55409305,54791960,50300253,51898177,59246287,60940495,52440384,54407960,49148252,50259474,50322908,53658083,143920789,51365032,56098769,51572324,52981835,57789201,54185942,53611641,95087063,64638904,57292304,53547452,48132181,51929516,56252822,74673883,90197385,80194877,101186889,61611834,65104084,52458885,72906802,67901962,53580680,83174749,65683294,56700257,56356657,52449068,52524584,52294260,53934095,51465469,60184577,46767224,66885513,65875105,69924665,88862257,62724944,56173908,58385024,89746552,58021791,56995525,60339386,50166967,49067072,81914006,69852547,72503545,77634498,59097897,63956992,52267829,58731644,49662895,48002670,48198635,81733899,49116158,125281109,178384526,83067894,72264536,59745450,51137729,50788842,50048406,64756709,80697438,70395886,57580398,46160829,56296244,48806918,50558518,92947309,54110049,59070334,70823308,48838258,48384783,62879375,58432222
,,,101880506,102186346,176042389,114815310,118144444,99248387,186193285,110546753,99707903,101157060,112624205,101388517,100083596,104659505,111930211,108925041,122769061,101659243,125816897,105747694,124561440,113985386,91324842,92717363,112996878,97457896,94596585,107331270,96517341,104024413,108217831,104297782,133151037,112285138,97028586,164358512,133480288,98251950,137978415,215984830,98002746,139130792,98227407,113746377,96632126,110510505,104891340,92569728,106803789,121605732,113471121,111614553,98119041,97518687,95309458,114194943,122046747,104416343,98077129,113692006,103893392,184504741,121105815,130910847,103111044,88538292,99413012,102293958,92036961,111864134,99373744,100108517,100233118,112247757,99693177,97078804,110670222,99106794,106907624,109613750,88408782,94148773,98411667,205344589,225835928,97121849,122604058,106294432,99742640,98801708,122622560,130449820,92947687,103899056,114637469,112003840,189624744,188692497,136711629,118403087
,,,44392993,52988255,43939518,37928800,47664357,47324534,46308840,43790750,53395286,51072406,49036110,47838800,43588745,52463038,61892754,75279146,50174140,45073016,39979444,52271983,47065513,38489508,44527034,81898524,74434874,60157013,42716531,42976685,45017135,48196370,41504118,41253404,39165379,55319064,61186301,50267025,53169493,47399295,44408474,43112614,48125007,47113843,57149956,52755287,50015934,48641160,47738741,39863149,38069261,49460890,45104356,47289796,47395520,47108180,58135443,49110871,48238281,53539900,65434845,40924530,40332105,53126827,48775202,43502278,58649331,46204250,49558306,50503769,40557899,38125520,43534751,43377677,44706763,37932954,45878020,40024754,42223411,38670370,42935529,53895205,39147255,45604273,55437247,52426413,44124910,48422163,42065204,41374230,49933243,39885049,39495763,45591436,42548131,38801768,49824878,58742216,94424785,61099078,50070306,43489818
,,,--------------,,,,,,,,,,,,,,,,,,,,,,,,,,,,,,,,,,,,,,,,,,,,,,,,,,,,,,,,,,,,,,,,,,,,,,,,,,,,,,,,,,,,,,,,,,,,,,,,,,,
3776,755,378,378,378,377,378,377,378,755,377,378,377,378,377,378,378,377,755,378,378,756,378,378,378,755,755,755,378,377,378,378,378,378,377,378,755,755,755,378,377,378,755,378,755,378,377,378,377,378,377,378,377,378,377,378,378,378,378,377,377,378,377,378,755,378,378,755,755,377,378,755,755,755,377,378,378,377,378,377,377,378,755,756,378,377,378,377,755,378,755,755,377,378,378,378,378,378,377,377,,,
4153,755,378,378,378,378,378,378,378,377,378,755,377,755,755,378,377,755,378,377,378,377,378,377,378,755,756,755,755,378,377,378,755,378,377,755,377,378,755,377,378,378,378,755,378,377,378,377,378,377,378,378,377,378,377,755,378,377,755,377,755,378,377,377,377,377,755,755,755,755,378,2643,756,377,755,755,755,377,755,755,755,755,378,377,378,755,755,378,755,755,755,755,755,755,755,755,755,377,377,756,,,
---,,,,,,,,,,,,,,,,,,,,,,,,,,,,,,,,,,,,,,,,,,,,,,,,,,,,,,,,,,,,,,,,,,,,,,,,,,,,,,,,,,,,,,,,,,,,,,,,,,,,,,
5663,4153,4154,4153,3776,3776,3776,3776,3775,3776,3776,3776,3776,3776,3776,4531,3776,3776,3776,3776,3776,3776,3775,4153,4153,4154,4154,3776,3776,3776,3776,3776,3775,3776,3776,3775,3776,3776,4153,3776,3776,3776,3776,3776,3775,3776,4154,3776,3776,3775,4154,3776,3775,3776,3776,3776,3776,3775,3776,3776,3776,3776,3776,3776,3776,3776,3776,3776,3776,3775,3776,3776,4153,3776,3776,3776,3776,3775,4154,3776,3776,3776,3776,3776,3775,4154,3776,3776,3776,3775,3776,3776,3775,3776,3776,3776,3776,3775,3776,3776,,,
11705,6419,5664,5664,5663,6041,6041,6419,6042,6041,6419,6419,5663,6419,5286,8307,5664,5287,5287,5664,6796,6419,6042,5287,6041,6419,6041,5664,10195,7929,9062,7552,6419,9818,6041,5664,5663,8684,7174,5664,9439,6041,5664,8684,5286,9062,7929,5664,8684,7929,6041,5287,6041,7552,7551,6041,6042,6042,6796,8307,5664,10950,6041,5664,5286,4909,6041,5664,7552,6041,6042,6419,6041,6041,5664,6041,6042,6419,7174,6042,6042,6419,5664,6419,6419,7174,6796,6796,5664,6041,6041,5664,6419,5664,8685,9817,9062,9062,9062,9440,,,
10195,4154,3776,3398,3398,3776,3398,3399,3775,3776,3398,3776,3776,3776,3776,3398,3399,3398,3398,3776,3775,3776,3398,3776,3398,3775,3776,3398,3398,3776,3398,3399,3399,3776,3776,3398,3020,3020,3021,3021,3020,3021,3021,3021,3398,3021,3399,3398,3020,3020,3021,3021,3020,3020,3398,3021,3021,3020,3020,3021,3021,3020,3020,3020,3020,3020,2643,3399,3021,3399,3399,3021,3021,3021,3021,3020,3021,3021,3398,3020,3021,3021,3021,3020,3020,3021,3021,3020,3020,3021,3398,3399,3021,3399,3398,3021,3020,3398,3021,3399,,,
9440,6796,6041,5664,6041,6041,6042,5664,6041,6041,5664,6042,6041,5664,6042,6041,5664,5664,5664,5663,5286,5664,6041,5664,5664,6041,6419,5663,5664,6041,6041,6041,5664,6041,6042,7551,6042,5664,6041,6041,6041,6041,6418,5664,6041,5663,5664,5663,6041,5664,5664,5663,6042,5663,6042,6042,5663,5664,5664,6796,5664,6041,6419,6042,5664,3398,3776,6419,7174,6041,6797,6796,7174,6796,6797,7174,7552,6796,7174,10195,6041,5664,7174,6796,6796,7174,6796,7174,6797,7174,7174,6797,7174,7174,7174,6797,7174,7174,7174,7174,,,
-------,,,,,,,,,,,,,,,,,,,,,,,,,,,,,,,,,,,,,,,,,,,,,,,,,,,,,,,,,,,,,,,,,,,,,,,,,,,,,,,,,,,,,,,,,,,,,,,,,,,,,,
1156368093848,
1409019196613,

